Index,Normal_Location,Item,Name,Item_Required,Item_Type,Max_Quantity
0,Motherlobe,ML_PsiCard1,Motherlobe Psi Card 1,NULL,Normal,1
1,Motherlobe,ML_PsiCard2,Motherlobe Psi Card 2,NULL,Normal,1
2,Motherlobe,ML_PsiCard3,Motherlobe Psi Card 3,NULL,Normal,1
3,Motherlobe,ML_PsiCard4,Motherlobe Psi Card 4,NULL,Normal,1
4,Motherlobe,ML_PsiCard5,Motherlobe Psi Card 5,NULL,Normal,1
5,Motherlobe,ML_PsiCard6,Motherlobe Psi Card 6,NULL,Normal,1
6,Motherlobe,ML_PsiCard7,Motherlobe Psi Card 7,NULL,Normal,1
7,Motherlobe,ML_PsiCard8,Motherlobe Psi Card 8,NULL,Normal,1
8,Motherlobe,ML_PsiCard9,Motherlobe Psi Card 9,NULL,Normal,1
9,Motherlobe,ML_PsiCard10,Motherlobe Psi Card 10,NULL,Normal,1
10,Motherlobe,ML_PsiCard11,Motherlobe Psi Card 11,NULL,Normal,1
11,Motherlobe,ML_PsiCard12,Motherlobe Psi Card 12,NULL,Normal,1
12,Motherlobe,ML_PsiCard13,Motherlobe Psi Card 13,NULL,Normal,1
13,Motherlobe,ML_PsiCard14,Motherlobe Psi Card 14,NULL,Normal,1
14,Motherlobe,ML_PsiCard15,Motherlobe Psi Card 15,NULL,Normal,1
15,Motherlobe,ML_PsiCard16,Motherlobe Psi Card 16,NULL,Normal,1
16,Motherlobe,ML_PsiCard17,Motherlobe Psi Card 17,NULL,Normal,1
17,Motherlobe,ML_PsiCard18,Motherlobe Psi Card 18,NULL,Normal,1
18,Motherlobe,ML_PsiCard19,Motherlobe Psi Card 19,NULL,Normal,1
19,Motherlobe,ML_PsiCard20,Motherlobe Psi Card 20,NULL,Normal,1
20,Motherlobe,ML_PsiCard21,Motherlobe Psi Card 21,NULL,Normal,1
21,Motherlobe,ML_PsiCard22,Motherlobe Psi Card 22,NULL,Normal,1
22,Motherlobe,ML_PsiCard23,Motherlobe Psi Card 23,NULL,Normal,1
23,Motherlobe,ML_PsiCard24,Motherlobe Psi Card 24,NULL,Normal,1
24,Motherlobe,ML_PsiCard25,Motherlobe Psi Card 25,NULL,Normal,1
25,Motherlobe,ML_PsiCard26,Motherlobe Psi Card 26,NULL,Normal,1
26,Motherlobe,ML_PsiCard27,Motherlobe Psi Card 27,NULL,Normal,1
27,Motherlobe,ML_SupplyChests1,Motherlobe Supply Chest 1,NULL,Normal,1
28,Motherlobe,ML_SupplyChests2,Motherlobe Supply Chest 2,NULL,Normal,1
29,Motherlobe,ML_SupplyChests3,Motherlobe Supply Chest 3,NULL,Normal,1
30,Motherlobe,ML_SupplyChests4,Motherlobe Supply Chest 4,NULL,Normal,1
31,Motherlobe,ML_SupplyChests5,Motherlobe Supply Chest 5,NULL,Normal,1
32,Motherlobe,ML_SupplyChests6,Motherlobe Supply Chest 6,NULL,Normal,1
33,Motherlobe,ML_SupplyKey1,Motherlobe Supply Chest Key 1,NULL,Normal,1
34,Motherlobe,ML_SupplyKey2,Motherlobe Supply Chest Key 2,NULL,Normal,1
35,Motherlobe,ML_SupplyKey3,Motherlobe Supply Chest Key 3,NULL,Normal,1
36,Motherlobe,ML_SupplyKey4,Motherlobe Supply Chest Key 4,NULL,Normal,1
37,Motherlobe,ML_SupplyKey5,Motherlobe Supply Chest Key 5,NULL,Normal,1
38,Motherlobe,ML_SupplyKey6,Motherlobe Supply Chest Key 6,NULL,Normal,1
39,Motherlobe,ML_PsyChallengeMarkers1,Motherlobe Psy Challenge Markers 1,NULL,Normal,1
40,Motherlobe,ML_PsyChallengeMarkers2,Motherlobe Psy Challenge Markers 2,NULL,Normal,1
41,Motherlobe,ML_PsyChallengeMarkers3,Motherlobe Psy Challenge Markers 3,NULL,Normal,1
42,Motherlobe,ML_PsyChallengeMarkers4,Motherlobe Psy Challenge Markers 4,NULL,Normal,1
43,Motherlobe,ML_PsyChallengeMarkers5,Motherlobe Psy Challenge Markers 5,NULL,Normal,1
44,Motherlobe,ML_PsyChallengeMarkers6,Motherlobe Psy Challenge Markers 6,NULL,Normal,1
45,Motherlobe,ML_PsyChallengeMarkers7,Motherlobe Psy Challenge Markers 7,NULL,Normal,1
46,Motherlobe,ML_PsyChallengeMarkers8,Motherlobe Psy Challenge Markers 8,NULL,Normal,1
47,Motherlobe,DayOldSushi,Day Old Sushi,NULL,Normal,1
48,Motherlobe,EnemySurveillanceDevice,Enemy Surveillance Device,NULL,Normal,1
49,Motherlobe,NamePlaque,Name Plaque,NULL,Normal,1
50,Motherlobe,DeckOfCards,Deck of Cards,NULL,Normal,1
51,Motherlobe,AstronautIceCream,Astronaut Ice Cream,NULL,Normal,1
52,Motherlobe,Classic_Outfit,Tried and True,NULL,Normal,1
53,Motherlobe,Circus_Outfit,Circus Skivvies,NULL,Normal,1
54,Motherlobe,Suit_Outfit,Suit,NULL,Normal,1
55,Quarry,Quarry_PsiCard1,Quarry Psi Card 1,NULL,Normal,1
56,Quarry,Quarry_PsiCard2,Quarry Psi Card 2,NULL,Normal,1
57,Quarry,Quarry_PsiCard3,Quarry Psi Card 3,NULL,Normal,1
58,Quarry,Quarry_PsiCard4,Quarry Psi Card 4,NULL,Normal,1
59,Quarry,Quarry_PsiCard5,Quarry Psi Card 5,NULL,Normal,1
60,Quarry,Quarry_PsiCard6,Quarry Psi Card 6,NULL,Normal,1
61,Quarry,Quarry_PsiCard7,Quarry Psi Card 7,NULL,Normal,1
62,Quarry,Quarry_PsiCard8,Quarry Psi Card 8,NULL,Normal,1
63,Quarry,Quarry_PsiCard9,Quarry Psi Card 9,NULL,Normal,1
64,Quarry,Quarry_PsiCard10,Quarry Psi Card 10,NULL,Normal,1
65,Quarry,Quarry_PsiCard11,Quarry Psi Card 11,NULL,Normal,1
66,Quarry,Quarry_PsiCard12,Quarry Psi Card 12,NULL,Normal,1
67,Quarry,Quarry_PsiCard13,Quarry Psi Card 13,NULL,Normal,1
68,Quarry,Quarry_PsiCard14,Quarry Psi Card 14,NULL,Normal,1
69,Quarry,Quarry_PsiCard15,Quarry Psi Card 15,NULL,Normal,1
70,Quarry,Quarry_PsiCard16,Quarry Psi Card 16,NULL,Normal,1
71,Quarry,Quarry_PsiCard17,Quarry Psi Card 17,NULL,Normal,1
72,Quarry,Quarry_PsiCard18,Quarry Psi Card 18,NULL,Normal,1
73,Quarry,Quarry_SupplyChests1,Quarry Supply Chest 1,NULL,Normal,1
74,Quarry,Quarry_SupplyChests2,Quarry Supply Chest 2,NULL,Normal,1
75,Quarry,Quarry_SupplyChests3,Quarry Supply Chest 3,NULL,Normal,1
76,Quarry,Quarry_SupplyChests4,Quarry Supply Chest 4,NULL,Normal,1
77,Quarry,Quarry_SupplyKey1,Quarry Supply Key 1,NULL,Normal,1
78,Quarry,Quarry_SupplyKey2,Quarry Supply Key 2,NULL,Normal,1
79,Quarry,Quarry_SupplyKey3,Quarry Supply Key 3,NULL,Normal,1
80,Quarry,Quarry_SupplyKey4,Quarry Supply Key 4,NULL,Normal,1
81,Quarry,Quarry_PsyChallengeMarkers1,Quarry Psy Challenge Marker 1,NULL,Normal,1
82,Quarry,Quarry_PsyChallengeMarkers2,Quarry Psy Challenge Marker 2,NULL,Normal,1
83,Quarry,Quarry_PsyChallengeMarkers3,Quarry Psy Challenge Marker 3,NULL,Normal,1
84,Quarry,Quarry_PsyChallengeMarkers4,Quarry Psy Challenge Marker 4,NULL,Normal,1
85,Quarry,Quarry_PsyChallengeMarkers5,Quarry Psy Challenge Marker 5,NULL,Normal,1
86,Quarry,Laserdisc,Agent Orientation Laserdisc,NULL,Normal,1
87,Quarry,UnexplodedBomb,Unexploded Bomb,NULL,Normal,1
88,Quarry,PsitaniumKnife,Psitanium Knife,NULL,Normal,1
89,Quarry,Empty_Jar,Empty Jar,NULL,Normal,1
90,Questionable Area,QA_PsiCard1,Questionable Area Psi Card 1,NULL,Normal,1
91,Questionable Area,QA_PsiCard2,Questionable Area Psi Card 2,NULL,Normal,1
92,Questionable Area,QA_PsiCard3,Questionable Area Psi Card 3,NULL,Normal,1
93,Questionable Area,QA_PsiCard4,Questionable Area Psi Card 4,NULL,Normal,1
94,Questionable Area,QA_PsiCard5,Questionable Area Psi Card 5,NULL,Normal,1
95,Questionable Area,QA_PsiCard6,Questionable Area Psi Card 6,NULL,Normal,1
96,Questionable Area,QA_PsiCard7,Questionable Area Psi Card 7,NULL,Normal,1
97,Questionable Area,QA_PsiCard8,Questionable Area Psi Card 8,NULL,Normal,1
98,Questionable Area,QA_PsiCard9,Questionable Area Psi Card 9,NULL,Normal,1
99,Questionable Area,QA_PsiCard10,Questionable Area Psi Card 10,NULL,Normal,1
100,Questionable Area,QA_PsiCard11,Questionable Area Psi Card 11,NULL,Normal,1
101,Questionable Area,QA_PsiCard12,Questionable Area Psi Card 12,NULL,Normal,1
102,Questionable Area,QA_PsiCard13,Questionable Area Psi Card 13,NULL,Normal,1
103,Questionable Area,QA_PsiCard14,Questionable Area Psi Card 14,NULL,Normal,1
104,Questionable Area,QA_PsiCard15,Questionable Area Psi Card 15,NULL,Normal,1
105,Questionable Area,QA_PsiCard16,Questionable Area Psi Card 16,NULL,Normal,1
106,Questionable Area,QA_PsiCard17,Questionable Area Psi Card 17,NULL,Normal,1
107,Questionable Area,QA_PsiCard18,Questionable Area Psi Card 18,NULL,Normal,1
108,Questionable Area,QA_PsiCard19,Questionable Area Psi Card 19,NULL,Normal,1
109,Questionable Area,QA_PsiCard20,Questionable Area Psi Card 20,NULL,Normal,1
110,Questionable Area,QA_PsiCard21,Questionable Area Psi Card 21,NULL,Normal,1
111,Questionable Area,QA_PsiCard22,Questionable Area Psi Card 22,NULL,Normal,1
112,Questionable Area,QA_PsiCard23,Questionable Area Psi Card 23,NULL,Normal,1
113,Questionable Area,QA_PsiCard24,Questionable Area Psi Card 24,NULL,Normal,1
114,Questionable Area,QA_PsiCard25,Questionable Area Psi Card 25,NULL,Normal,1
115,Questionable Area,QA_PsiCard26,Questionable Area Psi Card 26,NULL,Normal,1
116,Questionable Area,QA_PsiCard27,Questionable Area Psi Card 27,NULL,Normal,1
117,Questionable Area,QA_SupplyChests1,Questionable Area Supply Chest 1,NULL,Normal,1
118,Questionable Area,QA_SupplyChests2,Questionable Area Supply Chest 2,NULL,Normal,1
119,Questionable Area,QA_SupplyChests3,Questionable Area Supply Chest 3,NULL,Normal,1
120,Questionable Area,QA_SupplyChests4,Questionable Area Supply Chest 4,NULL,Normal,1
121,Questionable Area,QA_SupplyKey1,Questionable Area Supply Chest Key 1,NULL,Normal,1
122,Questionable Area,QA_SupplyKey2,Questionable Area Supply Chest Key 2,NULL,Normal,1
123,Questionable Area,QA_SupplyKey3,Questionable Area Supply Chest Key 3,NULL,Normal,1
124,Questionable Area,QA_SupplyKey4,Questionable Area Supply Chest Key 4,NULL,Normal,1
125,Questionable Area,QA_PsyChallengeMarkers1,Questionable Area Psy Challenge Marker 1,NULL,Normal,1
126,Questionable Area,QA_PsyChallengeMarkers2,Questionable Area Psy Challenge Marker 2,NULL,Normal,1
127,Questionable Area,QA_PsyChallengeMarkers3,Questionable Area Psy Challenge Marker 3,NULL,Normal,1
128,Questionable Area,QA_PsyChallengeMarkers4,Questionable Area Psy Challenge Marker 4,NULL,Normal,1
129,Questionable Area,QA_PsyChallengeMarkers5,Questionable Area Psy Challenge Marker 5,NULL,Normal,1
130,Questionable Area,QA_PsyChallengeMarkers6,Questionable Area Psy Challenge Marker 6,NULL,Normal,1
131,Questionable Area,QA_PsyChallengeMarkers7,Questionable Area Psy Challenge Marker 7,NULL,Normal,1
132,Questionable Area,Human_Skull,Human Skull,NULL,Normal,1
133,Questionable Area,Novelty_Mug,Novelty Mug,NULL,Normal,1
134,Questionable Area,Can_of_Corn,Can of Corn,NULL,Normal,1
135,Questionable Area,Switchblade_Hatchet,Switchblade Hatchet,NULL,Normal,1
136,Questionable Area,Lilis_Mushroom,Lili's Mushroom,NULL,Normal,1
137,Questionable Area,Bee_Jar,Jar of Bees,NULL,Normal,1
138,Green Needle Gulch,GNG_PsiCard1,Green Needle Gulch Psi Card 1,NULL,Normal,1
139,Green Needle Gulch,GNG_PsiCard2,Green Needle Gulch Psi Card 2,NULL,Normal,1
140,Green Needle Gulch,GNG_PsiCard3,Green Needle Gulch Psi Card 3,NULL,Normal,1
141,Green Needle Gulch,GNG_PsiCard4,Green Needle Gulch Psi Card 4,NULL,Normal,1
142,Green Needle Gulch,GNG_PsiCard5,Green Needle Gulch Psi Card 5,NULL,Normal,1
143,Green Needle Gulch,GNG_PsiCard6,Green Needle Gulch Psi Card 6,NULL,Normal,1
144,Green Needle Gulch,GNG_PsiCard7,Green Needle Gulch Psi Card 7,NULL,Normal,1
145,Green Needle Gulch,GNG_PsiCard8,Green Needle Gulch Psi Card 8,NULL,Normal,1
146,Green Needle Gulch,GNG_PsiCard9,Green Needle Gulch Psi Card 9,NULL,Normal,1
147,Green Needle Gulch,GNG_PsiCard10,Green Needle Gulch Psi Card 10,NULL,Normal,1
148,Green Needle Gulch,GNG_PsiCard11,Green Needle Gulch Psi Card 11,NULL,Normal,1
149,Green Needle Gulch,GNG_PsiCard12,Green Needle Gulch Psi Card 12,NULL,Normal,1
150,Green Needle Gulch,GNG_PsiCard13,Green Needle Gulch Psi Card 13,NULL,Normal,1
151,Green Needle Gulch,GNG_PsiCard14,Green Needle Gulch Psi Card 14,NULL,Normal,1
152,Green Needle Gulch,GNG_PsiCard15,Green Needle Gulch Psi Card 15,NULL,Normal,1
153,Green Needle Gulch,GNG_PsiCard16,Green Needle Gulch Psi Card 16,NULL,Normal,1
154,Green Needle Gulch,GNG_PsiCard17,Green Needle Gulch Psi Card 17,NULL,Normal,1
155,Green Needle Gulch,GNG_PsiCard18,Green Needle Gulch Psi Card 18,NULL,Normal,1
156,Green Needle Gulch,GNG_PsiCard19,Green Needle Gulch Psi Card 19,NULL,Normal,1
157,Green Needle Gulch,GNG_PsiCard20,Green Needle Gulch Psi Card 20,NULL,Normal,1
158,Green Needle Gulch,GNG_PsiCard21,Green Needle Gulch Psi Card 21,NULL,Normal,1
159,Green Needle Gulch,GNG_PsiCard22,Green Needle Gulch Psi Card 22,NULL,Normal,1
160,Green Needle Gulch,GNG_PsiCard23,Green Needle Gulch Psi Card 23,NULL,Normal,1
161,Green Needle Gulch,GNG_PsiCard24,Green Needle Gulch Psi Card 24,NULL,Normal,1
162,Green Needle Gulch,GNG_PsiCard25,Green Needle Gulch Psi Card 25,NULL,Normal,1
163,Green Needle Gulch,GNG_PsiCard26,Green Needle Gulch Psi Card 26,NULL,Normal,1
164,Green Needle Gulch,GNG_PsiCard27,Green Needle Gulch Psi Card 27,NULL,Normal,1
165,Green Needle Gulch,GNG_SupplyChests1,Green Needle Gulch Supply Chests 1,NULL,Normal,1
166,Green Needle Gulch,GNG_SupplyChests2,Green Needle Gulch Supply Chests 2,NULL,Normal,1
167,Green Needle Gulch,GNG_SupplyKey1,Green Needle Gulch Supply Chests Key 1,NULL,Normal,1
168,Green Needle Gulch,GNG_SupplyKey2,Green Needle Gulch Supply Chests Key 2,NULL,Normal,1
169,Green Needle Gulch,GNG_PsyChallengeMarkers1,Green Needle Gulch Psy Challenge Marker 1,NULL,Normal,1
170,Green Needle Gulch,GNG_PsyChallengeMarkers2,Green Needle Gulch Psy Challenge Marker 2,NULL,Normal,1
171,Green Needle Gulch,GNG_PsyChallengeMarkers3,Green Needle Gulch Psy Challenge Marker 3,NULL,Normal,1
172,Green Needle Gulch,GNG_PsyChallengeMarkers4,Green Needle Gulch Psy Challenge Marker 4,NULL,Normal,1
173,Green Needle Gulch,MurderBot,Mini Murder Bug Bot,NULL,Normal,1
174,Green Needle Gulch,Beehive,Beehive shaped like my phone,NULL,Normal,1
175,Green Needle Gulch,VikingHelmet,Viking Helmet,NULL,Normal,1
176,Green Needle Gulch,Mindswarm,Signed Copy of Mindswarm,NULL,Normal,1
177,Loboto's Labrynth,Loboto_Nugget1,Loboto's Labrynth Nugget of Wisdom 1,NULL,Normal,1
178,Loboto's Labrynth,Loboto_Nugget2,Loboto's Labrynth Nugget of Wisdom 2,NULL,Normal,1
179,Loboto's Labrynth,Loboto_MemoryVault1,Loboto's Labrynth Memory Vault 1,NULL,Normal,1
180,Loboto's Labrynth,Loboto_MemoryVault2,Loboto's Labrynth Memory Vault 2,NULL,Normal,1
181,Loboto's Labrynth,Loboto_Suitcase_Tag,Loboto's Labrynth Suitcase Tag,NULL,Normal,1
182,Loboto's Labrynth,Loboto_Hatbox_Tag,Loboto's Labrynth Hatbox Tag,NULL,Normal,1
183,Loboto's Labrynth,Loboto_Purse_Tag,Loboto's Labrynth Purse Tag,NULL,Normal,1
184,Loboto's Labrynth,Loboto_SteamerTrunk_Tag,Loboto's Labrynth Steamer Trunk Tag,NULL,Normal,1
185,Loboto's Labrynth,Loboto_Dufflebag_Tag,Loboto's Labrynth Dufflebag Tag,NULL,Normal,1
186,Loboto's Labrynth,Loboto_Suitcase,Loboto's Labrynth Suitcase,NULL,Normal,1
187,Loboto's Labrynth,Loboto_Hatbox,Loboto's Labrynth Hatbox,NULL,Normal,1
188,Loboto's Labrynth,Loboto_Purse,Loboto's Labrynth Purse,NULL,Normal,1
189,Loboto's Labrynth,Loboto_SteamerTrunk,Loboto's Labrynth Steamer Trunk,NULL,Normal,1
190,Loboto's Labrynth,Loboto_Dufflebag,Loboto's Labrynth Dufflebag,NULL,Normal,1
191,Hollis' Classroom,HC_Nugget1,Hollis' Classroom Nugget of Wisdom 1,NULL,Normal,1
192,Hollis' Classroom,HC_Nugget2,Hollis' Classroom Nugget of Wisdom 1,NULL,Normal,1
193,Hollis' Classroom,HC_Nugget3,Hollis' Classroom Nugget of Wisdom 1,NULL,Normal,1
194,Hollis' Classroom,HC_HAM1,Hollis' Classroom Half-a-Mind 1,NULL,Normal,1
195,Hollis' Classroom,HC_HAM2,Hollis' Classroom Half-a-Mind 2,NULL,Normal,1
196,Hollis' Classroom,HC_MemoryVault1,Hollis' Classroom Memory Vault 1,NULL,Normal,1
197,Hollis' Classroom,HC_Hatbox_Tag,Hollis' Classroom Hatbox Tag,NULL,Normal,1
198,Hollis' Classroom,HC_SteamerTrunk_Tag,Hollis' Classroom Steamer Trunk Tag,NULL,Normal,1
199,Hollis' Classroom,HC_Hatbox,Hollis' Classroom Hatbox,NULL,Normal,1
200,Hollis' Classroom,HC_SteamerTrunk,Hollis' Classroom Steamer Trunk,NULL,Normal,1
201,Hollis' Hot Streak,HH_Nugget1,Hollis' Hot Streak Nugget of Wisdom 1,NULL,Normal,1
202,Hollis' Hot Streak,HH_Nugget2,Hollis' Hot Streak Nugget of Wisdom 2,NULL,Normal,1
203,Hollis' Hot Streak,HH_Nugget3,Hollis' Hot Streak Nugget of Wisdom 3,NULL,Normal,1
204,Hollis' Hot Streak,HH_Nugget4,Hollis' Hot Streak Nugget of Wisdom 4,NULL,Normal,1
205,Hollis' Hot Streak,HH_HAM1,Hollis' Hot Streak Half-a-Mind 1,NULL,Normal,1
206,Hollis' Hot Streak,HH_HAM2,Hollis' Hot Streak Half-a-Mind 2,NULL,Normal,1
207,Hollis' Hot Streak,HH_HAM3,Hollis' Hot Streak Half-a-Mind 3,NULL,Normal,1
208,Hollis' Hot Streak,HH_HAM4,Hollis' Hot Streak Half-a-Mind 4,NULL,Normal,1
209,Hollis' Hot Streak,HH_MemoryVault1,Hollis' Hot Streak Memory Vault 1,NULL,Normal,1
210,Hollis' Hot Streak,HH_Suitcase_Tag,Hollis' Hot Streak Suitcase Tag,NULL,Normal,1
211,Hollis' Hot Streak,HH_Purse_Tag,Hollis' Hot Streak Purse Tag,NULL,Normal,1
212,Hollis' Hot Streak,HH_Dufflebag_Tag,Hollis' Hot Streak Dufflebag Tag,NULL,Normal,1
213,Hollis' Hot Streak,HH_Suitcase,Hollis' Hot Streak Suitcase,NULL,Normal,1
214,Hollis' Hot Streak,HH_Purse,Hollis' Hot Streak Purse,NULL,Normal,1
215,Hollis' Hot Streak,HH_Dufflebag,Hollis' Hot Streak Dufflebag,NULL,Normal,1
216,Compton's Cookoff,Compton_Nugget1,Compton's Cookoff Nugget 1,NULL,Normal,1
217,Compton's Cookoff,Compton_Nugget2,Compton's Cookoff Nugget 2,NULL,Normal,1
218,Compton's Cookoff,Compton_HAM1,Compton's Cookoff Half-a-Mind 1,NULL,Normal,1
219,Compton's Cookoff,Compton_HAM2,Compton's Cookoff Half-a-Mind 2,NULL,Normal,1
220,Compton's Cookoff,Compton_MemoryVault1,Compton's Cookoff Memory Vault 1,NULL,Normal,1
221,Compton's Cookoff,Compton_MemoryVault2,Compton's Cookoff Memory Vault 2,NULL,Normal,1
222,Compton's Cookoff,Compton_Suitcase_Tag,Compton's Cookoff Suitcase Tag,NULL,Normal,1
223,Compton's Cookoff,Compton_Hatbox_Tag,Compton's Cookoff Hatbox Tag,NULL,Normal,1
224,Compton's Cookoff,Compton_Purse_Tag,Compton's Cookoff Purse Tag,NULL,Normal,1
225,Compton's Cookoff,Compton_SteamerTrunk_Tag,Compton's Cookoff Steamer Trunk Tag,NULL,Normal,1
226,Compton's Cookoff,Compton_Dufflebag_Tag,Compton's Cookoff Dufflebag Tag,NULL,Normal,1
227,Compton's Cookoff,Compton_Suitcase,Compton's Cookoff Suitcase,NULL,Normal,1
228,Compton's Cookoff,Compton_Hatbox,Compton's Cookoff Hatbox,NULL,Normal,1
229,Compton's Cookoff,Compton_Purse,Compton's Cookoff Purse,NULL,Normal,1
230,Compton's Cookoff,Compton_SteamerTrunk,Compton's Cookoff Steamer Trunk,NULL,Normal,1
231,Compton's Cookoff,Compton_Dufflebag,Compton's Cookoff Dufflebag,NULL,Normal,1
232,Psi King's Sensorium,PsiKing_Nugget1,Psi King's Sensorium Nugget of Wisdom 1,NULL,Normal,1
233,Psi King's Sensorium,PsiKing_Nugget2,Psi King's Sensorium Nugget of Wisdom 2,NULL,Normal,1
234,Psi King's Sensorium,PsiKing_Nugget3,Psi King's Sensorium Nugget of Wisdom 3,NULL,Normal,1
235,Psi King's Sensorium,PsiKing_HAM1,Psi King's Sensorium Half-a-Mind 1,NULL,Normal,1
236,Psi King's Sensorium,PsiKing_HAM2,Psi King's Sensorium Half-a-Mind 2,NULL,Normal,1
237,Psi King's Sensorium,PsiKing_HAM3,Psi King's Sensorium Half-a-Mind 3,NULL,Normal,1
238,Psi King's Sensorium,PsiKing_HAM4,Psi King's Sensorium Half-a-Mind 4,NULL,Normal,1
239,Psi King's Sensorium,PsiKing_MemoryVault1,Psi King's Sensorium Memory Vault 1,NULL,Normal,1
240,Psi King's Sensorium,PsiKing_MemoryVault2,Psi King's Sensorium Memory Vault 2,NULL,Normal,1
241,Psi King's Sensorium,PsiKing_Suitcase_Tag,Psi King's Sensorium Suitcase Tag,NULL,Normal,1
242,Psi King's Sensorium,PsiKing_Hatbox_Tag,Psi King's Sensorium Hatbox Tag,NULL,Normal,1
243,Psi King's Sensorium,PsiKing_Purse_Tag,Psi King's Sensorium Purse Tag,NULL,Normal,1
244,Psi King's Sensorium,PsiKing_SteamerTrunk_Tag,Psi King's Sensorium Steamer Trunk Tag,NULL,Normal,1
245,Psi King's Sensorium,PsiKing_Dufflebag_Tag,Psi King's Sensorium Dufflebag Tag,NULL,Normal,1
246,Psi King's Sensorium,PsiKing_Suitcase,Psi King's Sensorium Suitcase,NULL,Normal,1
247,Psi King's Sensorium,PsiKing_Hatbox,Psi King's Sensorium Hatbox,NULL,Normal,1
248,Psi King's Sensorium,PsiKing_Purse,Psi King's Sensorium Purse,NULL,Normal,1
249,Psi King's Sensorium,PsiKing_SteamerTrunk,Psi King's Sensorium Steamer Trunk,NULL,Normal,1
250,Psi King's Sensorium,PsiKing_Dufflebag,Psi King's Sensorium Dufflebag,NULL,Normal,1
251,Ford's Follicles,Ford_Nugget1,Ford's Follicles Nugget of Wisdom 1,NULL,Normal,1
252,Ford's Follicles,Ford_HAM1,Ford's Follicles Half-a-Mind 1,NULL,Normal,1
253,Ford's Follicles,Ford_MemoryVault1,Ford's Follicles Memory Vault 1,NULL,Normal,1
254,Ford's Follicles,Ford_SteamerTrunk_Tag,Ford's Follicles Steamer Trunk Tag,NULL,Normal,1
255,Ford's Follicles,Ford_SteamerTrunk,Ford's Follicles Steamer Trunk,NULL,Normal,1
256,Strike City,StrikeCity_Nugget1,Strike City Nugget of Wisdom 1,NULL,Normal,1
257,Strike City,StrikeCity_HAM1,Strike City Half-a-Mind 1,NULL,Normal,1
258,Strike City,StrikeCity_MemoryVault1,Strike City Memory Vault 1,NULL,Normal,1
259,Strike City,StrikeCity_Suitcase_Tag,Strike City Suitcase Tag,NULL,Normal,1
260,Strike City,StrikeCity_Dufflebag_Tag,Strike City Dufflebag Tag,NULL,Normal,1
261,Strike City,StrikeCity_Suitcase,Strike City Suitcase,NULL,Normal,1
262,Strike City,StrikeCity_Dufflebag,Strike City Dufflebag,NULL,Normal,1
263,Cruller's Correspondence,Cruller_Nugget1,Cruller's Correspondence Nugget of Wisdom 1,NULL,Normal,1
264,Cruller's Correspondence,Cruller_HAM1,Cruller's Correspondence Half-a-Mind 1,NULL,Normal,1
265,Cruller's Correspondence,Cruller_MemoryVault1,Cruller's Correspondence Memory Vault 1,NULL,Normal,1
266,Cruller's Correspondence,Cruller_Hatbox_Tag,Cruller's Correspondence Hatbox Tag,NULL,Normal,1
267,Cruller's Correspondence,Cruller_Hatbox,Cruller's Correspondence Hatbox,NULL,Normal,1
268,Tomb of the Sharkophagus,Tomb_HAM1,Tomb of the Sharkophagus,NULL,Normal,1
269,Tomb of the Sharkophagus,Tomb_MemoryVault1,Tomb of the Sharkophagus,NULL,Normal,1
270,Tomb of the Sharkophagus,Tomb_Purse_Tag,Tomb of the Sharkophagus,NULL,Normal,1
271,Tomb of the Sharkophagus,Tomb_Purse,Tomb of the Sharkophagus,NULL,Normal,1
272,Bob's Bottles,Bob_Nugget1,Bob's Bottles Nugget of Wisdom 1,NULL,Normal,1
273,Bob's Bottles,Bob_Nugget2,Bob's Bottles Nugget of Wisdom 2,NULL,Normal,1
274,Bob's Bottles,Bob_HAM1,Bob's Bottles Half-a-Mind 1,NULL,Normal,1
275,Bob's Bottles,Bob_HAM2,Bob's Bottles Half-a-Mind 2,NULL,Normal,1
276,Bob's Bottles,Bob_MemoryVault1,Bob's Bottles Memory Vault 1,NULL,Normal,1
277,Bob's Bottles,Bob_MemoryVault2,Bob's Bottles Memory Vault 2,NULL,Normal,1
278,Bob's Bottles,Bob_Suitcase_Tag,Bob's Bottles Suitcase Tag,NULL,Normal,1
279,Bob's Bottles,Bob_Hatbox_Tag,Bob's Bottles Hatbox Tag,NULL,Normal,1
280,Bob's Bottles,Bob_Purse_Tag,Bob's Bottles Purse Tag,NULL,Normal,1
281,Bob's Bottles,Bob_SteamerTrunk_Tag,Bob's Bottles Steamer Trunk Tag,NULL,Normal,1
282,Bob's Bottles,Bob_Dufflebag_Tag,Bob's Bottles Dufflebag Tag,NULL,Normal,1
283,Bob's Bottles,Bob_Suitcase,Bob's Bottles Suitcase,NULL,Normal,1
284,Bob's Bottles,Bob_Hatbox,Bob's Bottles Hatbox,NULL,Normal,1
285,Bob's Bottles,Bob_Purse,Bob's Bottles Purse,NULL,Normal,1
286,Bob's Bottles,Bob_SteamerTrunk,Bob's Bottles Steamer Trunk,NULL,Normal,1
287,Bob's Bottles,Bob_Dufflebag,Bob's Bottles Dufflebag,NULL,Normal,1
288,Cassie's Collection,Cassie_Nugget1,Cassie's Collection Nugget of Wisdom 1,NULL,Normal,1
289,Cassie's Collection,Cassie_Nugget2,Cassie's Collection Nugget of Wisdom 2,NULL,Normal,1
290,Cassie's Collection,Cassie_Nugget3,Cassie's Collection Nugget of Wisdom 3,NULL,Normal,1
291,Cassie's Collection,Cassie_Nugget4,Cassie's Collection Nugget of Wisdom 4,NULL,Normal,1
292,Cassie's Collection,Cassie_HAM1,Cassie's Collection Half-a-Mind 1,NULL,Normal,1
293,Cassie's Collection,Cassie_HAM2,Cassie's Collection Half-a-Mind 2,NULL,Normal,1
294,Cassie's Collection,Cassie_MemoryVault1,Cassie's Collection Memory Vault 1,NULL,Normal,1
295,Cassie's Collection,Cassie_MemoryVault2,Cassie's Collection Memory Vault 2,NULL,Normal,1
296,Cassie's Collection,Cassie_Suitcase_Tag,Cassie's Collection Suitcase Tag,NULL,Normal,1
297,Cassie's Collection,Cassie_Hatbox_Tag,Cassie's Collection Hatbox Tag,NULL,Normal,1
298,Cassie's Collection,Cassie_Purse_Tag,Cassie's Collection Purse Tag,NULL,Normal,1
299,Cassie's Collection,Cassie_SteamerTrunk_Tag,Cassie's Collection Steamer Trunk Tag,NULL,Normal,1
300,Cassie's Collection,Cassie_Dufflebag_Tag,Cassie's Collection Dufflebag Tag,NULL,Normal,1
301,Cassie's Collection,Cassie_Suitcase,Cassie's Collection Suitcase,NULL,Normal,1
302,Cassie's Collection,Cassie_Hatbox,Cassie's Collection Hatbox,NULL,Normal,1
303,Cassie's Collection,Cassie_Purse,Cassie's Collection Purse,NULL,Normal,1
304,Cassie's Collection,Cassie_SteamerTrunk,Cassie's Collection Steamer Trunk,NULL,Normal,1
305,Cassie's Collection,Cassie_Dufflebag,Cassie's Collection Dufflebag,NULL,Normal,1
306,Lucrecia's Lament,Lucy_Nugget1,Lucrecia's Lament Nugget of Wisdom 1,NULL,Normal,1
307,Lucrecia's Lament,Lucy_Nugget2,Lucrecia's Lament Nugget of Wisdom 2,NULL,Normal,1
308,Lucrecia's Lament,Lucy_Nugget3,Lucrecia's Lament Nugget of Wisdom 3,NULL,Normal,1
309,Lucrecia's Lament,Lucy_MemoryVault1,Lucrecia's Lament Memory Vault 1,NULL,Normal,1
310,Lucrecia's Lament,Lucy_MemoryVault2,Lucrecia's Lament Memory Vault 2,NULL,Normal,1
311,Lucrecia's Lament,Lucy_Suitcase_Tag,Lucrecia's Lament Suitcase Tag,NULL,Normal,1
312,Lucrecia's Lament,Lucy_Hatbox_Tag,Lucrecia's Lament Hatbox Tag,NULL,Normal,1
313,Lucrecia's Lament,Lucy_Purse_Tag,Lucrecia's Lament Purse Tag,NULL,Normal,1
314,Lucrecia's Lament,Lucy_SteamerTrunk_Tag,Lucrecia's Lament Steamer Trunk Tag,NULL,Normal,1
315,Lucrecia's Lament,Lucy_Dufflebag_Tag,Lucrecia's Lament Dufflebag Tag,NULL,Normal,1
316,Lucrecia's Lament,Lucy_Suitcase,Lucrecia's Lament Suitcase,NULL,Normal,1
317,Lucrecia's Lament,Lucy_Hatbox,Lucrecia's Lament Hatbox,NULL,Normal,1
318,Lucrecia's Lament,Lucy_Purse,Lucrecia's Lament Purse,NULL,Normal,1
319,Lucrecia's Lament,Lucy_SteamerTrunk,Lucrecia's Lament Steamer Trunk,NULL,Normal,1
320,Lucrecia's Lament,Lucy_Dufflebag,Lucrecia's Lament Dufflebag,NULL,Normal,1
321,Fatherland Follies,Nick_Nugget1,Fatherland Follies Nugget of Wisdom 1,NULL,Normal,1
322,Fatherland Follies,Nick_Nugget2,Fatherland Follies Nugget of Wisdom 2,NULL,Normal,1
323,Fatherland Follies,Nick_Nugget3,Fatherland Follies Nugget of Wisdom 3,NULL,Normal,1
324,Fatherland Follies,Nick_HAM1,Fatherland Follies Half-a-Mind 1,NULL,Normal,1
325,Fatherland Follies,Nick_HAM2,Fatherland Follies Half-a-Mind 2,NULL,Normal,1
326,Fatherland Follies,Nick_MemoryVault1,Fatherland Follies Memory Vault 1,NULL,Normal,1
327,Fatherland Follies,Nick_MemoryVault2,Fatherland Follies Memory Vault 2,NULL,Normal,1
328,Fatherland Follies,Nick_Suitcase_Tag,Fatherland Follies Suitcase Tag,NULL,Normal,1
329,Fatherland Follies,Nick_Hatbox_Tag,Fatherland Follies Hatbox Tag,NULL,Normal,1
330,Fatherland Follies,Nick_Purse_Tag,Fatherland Follies Purse Tag,NULL,Normal,1
331,Fatherland Follies,Nick_SteamerTrunk_Tag,Fatherland Follies Steamer Trunk Tag,NULL,Normal,1
332,Fatherland Follies,Nick_Dufflebag_Tag,Fatherland Follies Dufflebag Tag,NULL,Normal,1
333,Fatherland Follies,Nick_Suitcase,Fatherland Follies Suitcase,NULL,Normal,1
334,Fatherland Follies,Nick_Hatbox,Fatherland Follies Hatbox,NULL,Normal,1
335,Fatherland Follies,Nick_Purse,Fatherland Follies Purse,NULL,Normal,1
336,Fatherland Follies,Nick_SteamerTrunk,Fatherland Follies,NULL,Normal,1
337,Fatherland Follies,Nick_Dufflebag,Fatherland Follies,NULL,Normal,1
338,Shop,Saphire_LevBall,Saphire Lev Ball,Levitation,Junk,1
339,Shop,Emerald_LevBall,Emerald Lev Ball,Levitation,Junk,1
340,Shop,Ruby_LevBall,Ruby Lev Ball,Levitation,Junk,1
341,Shop,Cannonball,Cannonball,Levitation,Junk,1
342,Shop,GagOrder,Gag Order,Projection,Junk,1
343,Shop,PixelPal,Pixel Pal,Projection,Junk,1
344,Shop,PsiClone,Psi Clone,Projection,Junk,1
345,Shop,Wastepaper,Wastepaper,Projection,Junk,1
346,Shop,FoodForThought,Food for Thought,MentalConnection,Junk,1
347,Shop,HeavyThought,Heavy Thought,MentalConnection,Junk,1
348,Shop,MentalTax,Mental Tax,MentalConnection,Junk,1
349,Shop,BrainDrain,Brain Drain,MentalConnection,Junk,1
350,Shop,MentalBlock,Mental Block,Clairvoyance,Junk,1
351,Shop,SpeedReader,Speed Reader,Clairvoyance,Junk,1
352,Shop,Rainblows,Rainblows,Melee,Junk,1
353,Shop,Strike-onaut,Strike-onaut,Melee,Junk,1
354,Shop,BobbyPin,Bobby Pin,NULL,Junk,1
355,Shop,MentalMagnet,Mental Magnet,NULL,Junk,1
356,Shop,GooProof,Goo Proof,NULL,Junk,1
357,Shop,GlassCannon,Glass Cannon,NULL,Junk,1
358,Shop,VIPDiscount,VIP Discount,NULL,Junk,1
359,Shop,Psimultanium,Psimultanium,NULL,Junk,1
360,Shop,StunGun,Stun Gun,PsiBlast,Junk,1
361,Shop,CensoryOverload,Censory Overload,PsiBlast,Junk,1
362,Shop,ChainGain,Chain Gain,PsiBlast,Junk,1
363,Shop,FeverReducer,Fever Reducer,Pyrokinesis,Junk,1
364,Shop,Goonades,Goonades,Pyrokinesis,Junk,1
365,Shop,Beastmastery,Beastmastery,Telekinesis,Junk,1
366,Shop,PowerNap,Power Nap,Telekinesis,Junk,1
367,Shop,Plucky,Plucky,Telekinesis,Junk,1
368,Shop,TimeWarp,Time Warp,TimeBubble,Junk,1
369,Shop,BubbleWrap,Bubble Wrap,TimeBubble,Junk,1
370,Shop,BigTime,Big Time,NULL,Junk,1
371,Shop,PsiCore,Psi Core,NULL,Junk,11
372,Shop,PsiPop,Psi Pop,NULL,Junk,8
373,Shop,DreamFluff,Dream Fluff,NULL,Junk,3
374,Shop,MindsEyelets,Mind's Eyelets,NULL,Normal,1
375,Shop,Expandolier,Expandolier,Mind's Eyelets,Normal,1
376,Shop,FluffPockets,Fluff Pockets,NULL,Normal,1
377,Shop,JumboFluffPouch,Jumbo Fluff Pouch,Fluff Pockets,Normal,1
378,Shop,PsifoldWallet,Psifold Wallet,NULL,Normal,1
379,Shop,AstralWallet,Astral Wallet,Psifold Wallet,Normal,1
380,Shop,Psitonium,Psitonium,Otto-Shot,Junk,1
381,Shop,Achromatizer,Achromatizer,Otto-Shot,Junk,1
382,Shop,Classif-eyed,Classif-eyed,Otto-Shot,Junk,1
383,Shop,HotDogSpectralizer,Hot Dog Spectralizer,Otto-Shot,Junk,1
384,Shop,Psychodelica,Psychodelica,Otto-Shot,Junk,1
385,Shop,Otto-Spot,Otto-Spot,Otto-Shot,Junk,1
386,Quarry,ThoughtTuner,Thought Tuner,NULL,Important,1
387,Quarry,Otto-Shot,Otto-Shot,NULL,Junk,1
388,Global,Rank_Point1,Rank Point 1,NULL,Normal,1
389,Global,Rank_Point2,Rank Point 2,NULL,Normal,1
390,Global,Rank_Point3,Rank Point 3,NULL,Normal,1
391,Global,Rank_Point4,Rank Point 4,NULL,Normal,1
392,Global,Rank_Point5,Rank Point 5,NULL,Normal,1
393,Global,Rank_Point6,Rank Point 6,NULL,Normal,1
394,Global,Rank_Point7,Rank Point 7,NULL,Normal,1
395,Global,Rank_Point8,Rank Point 8,NULL,Normal,1
396,Global,Rank_Point9,Rank Point 9,NULL,Normal,1
397,Global,Rank_Point10,Rank Point 10,NULL,Normal,1
398,Global,Rank_Point11,Rank Point 11,NULL,Normal,1
399,Global,Rank_Point12,Rank Point 12,NULL,Normal,1
400,Global,Rank_Point13,Rank Point 13,NULL,Normal,1
401,Global,Rank_Point14,Rank Point 14,NULL,Normal,1
402,Global,Rank_Point15,Rank Point 15,NULL,Normal,1
403,Global,Rank_Point16,Rank Point 16,NULL,Normal,1
404,Global,Rank_Point17,Rank Point 17,NULL,Normal,1
405,Global,Rank_Point18,Rank Point 18,NULL,Normal,1
406,Global,Rank_Point19,Rank Point 19,NULL,Normal,1
407,Global,Rank_Point20,Rank Point 20,NULL,Normal,1
408,Global,Rank_Point21,Rank Point 21,NULL,Normal,1
409,Global,Rank_Point22,Rank Point 22,NULL,Normal,1
410,Global,Rank_Point23,Rank Point 23,NULL,Normal,1
411,Global,Rank_Point24,Rank Point 24,NULL,Normal,1
412,Global,Rank_Point25,Rank Point 25,NULL,Normal,1
413,Global,Rank_Point26,Rank Point 26,NULL,Normal,1
414,Global,Rank_Point27,Rank Point 27,NULL,Normal,1
415,Global,Rank_Point28,Rank Point 28,NULL,Normal,1
416,Global,Rank_Point29,Rank Point 29,NULL,Normal,1
417,Global,Rank_Point30,Rank Point 30,NULL,Normal,1
418,Global,Rank_Point31,Rank Point 31,NULL,Normal,1
419,Global,Rank_Point32,Rank Point 32,NULL,Normal,1
420,Global,Rank_Point33,Rank Point 33,NULL,Normal,1
421,Global,Rank_Point34,Rank Point 34,NULL,Normal,1
422,Global,Rank_Point35,Rank Point 35,NULL,Normal,1
423,Global,Rank_Point36,Rank Point 36,NULL,Normal,1
424,Global,Rank_Point37,Rank Point 37,NULL,Normal,1
425,Global,Rank_Point38,Rank Point 38,NULL,Normal,1
426,Global,Rank_Point39,Rank Point 39,NULL,Normal,1
427,Global,Rank_Point40,Rank Point 40,NULL,Normal,1
428,Global,Rank_Point41,Rank Point 41,NULL,Normal,1
429,Global,Rank_Point42,Rank Point 42,NULL,Normal,1
430,Global,Rank_Point43,Rank Point 43,NULL,Normal,1
431,Global,Rank_Point44,Rank Point 44,NULL,Normal,1
432,Global,Rank_Point45,Rank Point 45,NULL,Normal,1
433,Global,Rank_Point46,Rank Point 46,NULL,Normal,1
434,Global,Rank_Point47,Rank Point 47,NULL,Normal,1
435,Global,Rank_Point48,Rank Point 48,NULL,Normal,1
436,Global,Rank_Point49,Rank Point 49,NULL,Normal,1
437,Global,Rank_Point50,Rank Point 50,NULL,Normal,1
438,Global,Rank_Point51,Rank Point 51,NULL,Normal,1
439,Global,Rank_Point52,Rank Point 52,NULL,Normal,1
440,Global,Rank_Point53,Rank Point 53,NULL,Normal,1
441,Global,Rank_Point54,Rank Point 54,NULL,Normal,1
442,Global,Rank_Point55,Rank Point 55,NULL,Normal,1
443,Global,Rank_Point56,Rank Point 56,NULL,Normal,1
444,Global,Rank_Point57,Rank Point 57,NULL,Normal,1
445,Global,Rank_Point58,Rank Point 58,NULL,Normal,1
446,Global,Rank_Point59,Rank Point 59,NULL,Normal,1
447,Global,Rank_Point60,Rank Point 60,NULL,Normal,1
448,Global,Rank_Point61,Rank Point 61,NULL,Normal,1
449,Global,Rank_Point62,Rank Point 62,NULL,Normal,1
450,Global,Rank_Point63,Rank Point 63,NULL,Normal,1
451,Global,Rank_Point64,Rank Point 64,NULL,Normal,1
452,Global,Rank_Point65,Rank Point 65,NULL,Normal,1
453,Global,Rank_Point66,Rank Point 66,NULL,Normal,1
454,Global,Rank_Point67,Rank Point 67,NULL,Normal,1
455,Global,Rank_Point68,Rank Point 68,NULL,Normal,1
456,Global,Rank_Point69,Rank Point 69,NULL,Normal,1
457,Global,Rank_Point70,Rank Point 70,NULL,Normal,1
458,Global,Rank_Point71,Rank Point 71,NULL,Normal,1
459,Global,Rank_Point72,Rank Point 72,NULL,Normal,1
460,Global,Rank_Point73,Rank Point 73,NULL,Normal,1
461,Global,Rank_Point74,Rank Point 74,NULL,Normal,1
462,Global,Rank_Point75,Rank Point 75,NULL,Normal,1
463,Global,Rank_Point76,Rank Point 76,NULL,Normal,1
464,Global,Rank_Point77,Rank Point 77,NULL,Normal,1
465,Global,Rank_Point78,Rank Point 78,NULL,Normal,1
466,Global,Rank_Point79,Rank Point 79,NULL,Normal,1
467,Global,Rank_Point80,Rank Point 80,NULL,Normal,1
468,Global,Rank_Point81,Rank Point 81,NULL,Normal,1
469,Global,Rank_Point82,Rank Point 82,NULL,Normal,1
470,Global,Rank_Point83,Rank Point 83,NULL,Normal,1
471,Global,Rank_Point84,Rank Point 84,NULL,Normal,1
472,Global,Rank_Point85,Rank Point 85,NULL,Normal,1
473,Global,Rank_Point86,Rank Point 86,NULL,Normal,1
474,Global,Rank_Point87,Rank Point 87,NULL,Normal,1
475,Global,Rank_Point88,Rank Point 88,NULL,Normal,1
476,Global,Rank_Point89,Rank Point 89,NULL,Normal,1
477,Global,Rank_Point90,Rank Point 90,NULL,Normal,1
478,Global,Rank_Point91,Rank Point 91,NULL,Normal,1
479,Global,Rank_Point92,Rank Point 92,NULL,Normal,1
480,Global,Rank_Point93,Rank Point 93,NULL,Normal,1
481,Global,Rank_Point94,Rank Point 94,NULL,Normal,1
482,Global,Rank_Point95,Rank Point 95,NULL,Normal,1
483,Global,Rank_Point96,Rank Point 96,NULL,Normal,1
484,Global,Rank_Point97,Rank Point 97,NULL,Normal,1
485,Global,Rank_Point98,Rank Point 98,NULL,Normal,1
486,Global,Rank_Point99,Rank Point 99,NULL,Normal,1
487,Global,Rank_Point100,Rank Point 100,NULL,Normal,1
488,Global,Rank_Point101,Rank Point 101,NULL,Normal,1
489,Global,Rank_Point102,Rank Point 102,NULL,Normal,1
490,Global,Motherlobe_Access,Intern Sticker,NULL,Normal,1
491,Global,Quarry_Access,Thinkerprint Full Access,NULL,Normal,1
492,Global,QA_Access,Questionable Area Access,NULL,Normal,1
493,Global,GNG_Access,Green Needle Gulch Access,NULL,Important,1
494,Global,Loboto_Access,Loboto's Labrynth Access,NULL,Important,1
495,Global,Loboto_StoryComplete,Loboto's Labrynth Complete,Loboto_Access,Important,
496,Global,HC_Access,Hollis' Classroom Access,NULL,Important,1
497,Global,HC_StoryComplete,Hollis' Classroom Complete,HC_Access,Important,
498,Global,HH_Access,Hollis' Hot Streak Access,NULL,Important,1
499,Global,HH_StoryComplete,Hollis' Hot Streak Complete,HH_Access,Important,
500,Global,Compton_Access,Compton's Cookoff Access,Empty_Jar,Important,1
501,Global,Compton_StoryComplete,Compton's Cookoff Complete,Compton_Access,Important,
502,Global,PsiKing_Access,Psi King's Sensorium Access,NULL,Important,1
503,Global,PsiKing_StoryComplete,Psi King's Sensorium Complete,PsiKing_Access,Important,
504,Global,Ford_Access,Ford's Follicles Access,NULL,Important,1
505,Global,Ford_StoryComplete,Ford's Follicles Complete,Ford_Access,Important,
506,Global,StrikeCity_Access,Strike City Access,NULL,Important,1
507,Global,StrikeCity_StoryComplete,Strike City Complete,StrikeCity_Access,Important,
508,Global,Cruller_Access,Cruller's Correspondence Access,NULL,Important,1
509,Global,Cruller_StoryComplete,Cruller's Correspondence Complete,Cruller_Access,Important,
510,Global,Tomb_Access,Tomb of the Sharkophagus Access,NULL,Important,1
511,Global,Tomb_StoryComplete,Tomb of the Sharkophagus Complete,Tomb_Access,Important,
512,Global,Bob_Access,Bob's Bottles Access,NULL,Important,1
513,Global,Bob_StoryComplete,Bob's Bottles Complete,Bob_Access,Important,
514,Global,Cassie_Access,Cassie's Collection Access,NULL,Important,1
515,Global,Cassie_StoryComplete,Cassie's Collection Complete,Cassie_Access,Important,
516,Global,Lucy_Access,Lucrecia's Lament Access,NULL,Important,1
517,Global,Lucy_StoryComplete,Lucrecia's Lament Complete,Lucy_Access,Important,
518,Global,Nick_Access,Fatherland Follies Access,NULL,Important,1
519,Global,Nick_StoryComplete,Fatherland Follies Complete,Nick_Access,Important,
520,Global,Maligula_Access,Maligula Fight Access,TBD,Important,1
521,Global,Maligula_Complete,Maligula Fight Complete ,Maligula_Access,Important,
522,Global,Melee,Melee - Base Power,NULL,Important,1
523,Global,Melee_Upgrade1,Melee - Dodge Attack,Melee,Normal,1
524,Global,Melee_Upgrade2,Melee - Slap Happy,Melee_Upgrade1,Normal,1
525,Global,Melee_Upgrade3,Melee - Shockwave,Melee_Upgrade2,Normal,1
526,Global,Telekinesis,Telekinesis - Base Power,NULL,Important,1
527,Global,Telekinesis_Upgrade1,Telekinesis - Extra Mustard,Telekinesis,Normal,1
528,Global,Telekinesis_Upgrade2,Telekinesis - Sleight of Hand,Telekinesis_Upgrade1,Normal,1
529,Global,Telekinesis_Upgrade3,Telekinesis - Swift Lift,Telekinesis_Upgrade2,Normal,1
530,Global,PsiBlast,Psi Blast - Base Power,NULL,Important,1
531,Global,PsiBlast_Upgrade1,Psi Blast - Overcharge,PsiBlast,Normal,1
532,Global,PsiBlast_Upgrade2,Psi Blast - Mind Mag,PsiBlast_Upgrade1,Normal,1
533,Global,PsiBlast_Upgrade3,Psi Blast - Chain Brain,PsiBlast_Upgrade2,Normal,1
534,Global,Pyrokinesis,Pyrokinesis - Base Power,NULL,Important,1
535,Global,Pyrokinesis_Upgrade1,Pyrokinesis - Bonfire,Pyrokinesis,Normal,1
536,Global,Pyrokinesis_Upgrade2,Pyrokinesis - Slow Cooker,Pyrokinesis_Upgrade1,Normal,1
537,Global,Pyrokinesis_Upgrade3,Pyrokinesis - Tres Bon Fire,Pyrokinesis_Upgrade2,Normal,1
538,Global,Levitation,Levitation - Base Power,NULL,Important,1
539,Global,Levitation_Upgrade1,Levitation - Wrecking Ball,Levitation,Normal,1
540,Global,Levitation_Upgrade2,Levitation - Pouncy Ball,Levitation_Upgrade1,Normal,1
541,Global,Levitation_Upgrade3,Levitation - Levastation!,Levitation_Upgrade2,Normal,1
542,Global,Clairvoyance,Clairvoyance - Base Power,NULL,Important,1
543,Global,Clairvoyance_Upgrade1,Clairvoyance - Lasting Gaze,Clairvoyance,Normal,1
544,Global,Clairvoyance_Upgrade2,Clairvoyance - Mental Block,Clairvoyance_Upgrade1,Normal,1
545,Global,Clairvoyance_Upgrade3,Clairvoyance - Rank 102: Limitless,Clairvoyance_Upgrade2,Normal,1
546,Global,MentalConnection,Mental Connection - Base Power,NULL,Important,1
547,Global,MentalConnection_Upgrade1,Mental Connection - Sucker Punch,Mental Connection,Normal,1
548,Global,MentalConnection_Upgrade2,Mental Connection - Think Fast,MentalConnection_Upgrade1,Normal,1
549,Global,MentalConnection_Upgrade3,Mental Connection - Rank 30: Dark Thoughts,MentalConnection_Upgrade2,Normal,1
550,Global,TimeBubble,Time Bubble - Base Power,NULL,Important,1
551,Global,TimeBubble_Upgrade1,Time Bubble - Quick Time,TimeBubble,Normal,1
552,Global,TimeBubble_Upgrade2,Time Bubble - Rank 30: Time Zone,TimeBubble_Upgrade1,Normal,1
553,Global,TimeBubble_Upgrade3,Time Bubble - Rank 50: Overstay,TimeBubble_Upgrade2,Normal,1
554,Global,Projection,Projection - Base Power,NULL,Important,1
555,Global,Projection_Upgrade1,Projection - Medi-Pal,Projection,Normal,1
556,Global,Projection_Upgrade2,Projection - Two-Ply,Projection_Upgrade1,Normal,1
557,Global,Projection_Upgrade3,Projection - Paper Cuts,Projection_Upgrade2,Normal,1